App Name,Rating (Google),Combined Rating,Total Ratings (Google),Total Ratings (All),Review Count (Dataset),Average Review Rating,Google Installs,Genre,Platform
Duolingo: Language Lessons,4.45,4.45,38998695,38998695,100,3.55,500000000,Education,Google Only
Cake - Learn English & Korean,4.71,4.71,1217819,1217819,37,4.62,100000000,Education,Google Only
Busuu: Learn & Speak Languages,4.67,4.67,1040673,1040673,100,4.06,50000000,Education,Google Only
Lingokids - Play and Learn,4.29,4.29,199534,199534,76,3.29,50000000,Education,Google Only
Grammarly-AI Writing Assistant,4.18,4.18,253867,253867,100,3.37,50000000,Productivity,Google Only
Quizlet: More than Flashcards,4.72,4.72,846000,846000,100,4.21,50000000,Education,Google Only
Babbel - Learn Languages,4.62,4.62,1100550,1100550,100,3.07,50000000,Education,Google Only
Simpler: English learning app,4.82,4.82,723285,723285,5,3.0,10000000,Education,Google Only
Drops: Language Learning Games,4.38,4.38,307632,307632,100,3.63,10000000,Education,Google Only
Falou - Fast language learning,4.73,4.73,832419,832419,100,3.66,10000000,Education,Google Only
